eep,age,feh,distance,AV,lnprob,age_gyr
297.2658355854592,9.351885475665703,-0.2627936909980603,61.86659062619236,0.5122775806800032,-42.08713222894957,2.248461603773389
