starname,mass,age_log10yr,age_gyr,feh,distance_pc,chi2,dof,red_chi2,success,message,bands_used
TOI-6016,1.060506680219519,9.673260870256287,4.712603161402539,0.49999999999999994,260.92482151033096,197.9421934728436,2,98.9710967364218,True,`ftol` termination condition is satisfied.,"['G_mag', 'RP_mag', 'J_mag', 'H_mag', 'K_mag']"
Qatar-4,0.8105707182887353,9.963512703280038,9.194173677210363,0.07899790557094379,331.506675386705,8.29129743820507,2,4.145648719102535,True,`ftol` termination condition is satisfied.,"['G_mag', 'RP_mag', 'J_mag', 'H_mag', 'K_mag']"
Qatar-5,1.0728047768423643,9.658831862962103,4.558603955057361,0.49999999999999994,364.5585692811461,11.088334569370582,2,5.544167284685291,True,`ftol` termination condition is satisfied.,"['G_mag', 'RP_mag', 'J_mag', 'H_mag', 'K_mag']"
WASP-93,1.159999947815796,9.617384762808609,4.143666199854874,-0.2587080164289433,364.6799069240643,4.403009526576259,2,2.2015047632881295,True,`xtol` termination condition is satisfied.,"['G_mag', 'RP_mag', 'J_mag', 'H_mag', 'K_mag']"
TOI-262,0.9255230837257336,9.587605668028077,3.8690618117997966,0.23222291081843108,44.15558289044565,7.402853992919742,2,3.701426996459871,True,`ftol` termination condition is satisfied.,"['G_mag', 'RP_mag', 'J_mag', 'H_mag', 'K_mag']"
