starname,mass,age_log10yr,age_gyr,feh,distance_pc,chi2,dof,red_chi2,success,message,bands_used
TOI-6016,1.1095962708963845,7.514827226460804,0.03272104962128517,0.4999999782389594,271.401591488161,225.92312011625887,3,75.30770670541962,True,`xtol` termination condition is satisfied.,"['BP_mag', 'G_mag', 'RP_mag', 'J_mag', 'H_mag', 'K_mag']"
Qatar-4,0.7802030254277017,7.529714542722299,0.03386215105541838,-0.2400102409205499,332.02462442778034,11.097353430073628,3,3.6991178100245428,True,`ftol` termination condition is satisfied.,"['BP_mag', 'G_mag', 'RP_mag', 'J_mag', 'H_mag', 'K_mag']"
Qatar-5,1.102352014705193,7.530102709996391,0.0338924301752882,0.4999998890950542,355.9907619261397,11.529260632640687,3,3.8430868775468956,True,`xtol` termination condition is satisfied.,"['BP_mag', 'G_mag', 'RP_mag', 'J_mag', 'H_mag', 'K_mag']"
WASP-93,1.4849964520834438,7.7338829811846,0.054185487022212514,0.49999999784240157,343.6655241181021,11.74916219044281,3,3.91638739681427,True,`xtol` termination condition is satisfied.,"['BP_mag', 'G_mag', 'RP_mag', 'J_mag', 'H_mag', 'K_mag']"
TOI-262,0.7985702290218791,7.292209021833566,0.01959787673862472,-0.63307918532676,44.152604351650375,19.457151656564108,3,6.4857172188547025,True,`ftol` termination condition is satisfied.,"['BP_mag', 'G_mag', 'RP_mag', 'J_mag', 'H_mag', 'K_mag']"
